{
  "version": "2026.01",
  "lastUpdated": "2026-01-27",
  "description": "海外仓数据 - 亚马逊FBA / 沃尔玛WFS / 货代公司",
  "categories": {
    "amazon": {
      "name": "亚马逊 FBA",
      "nameEn": "Amazon FBA",
      "icon": "📦",
      "totalWarehouses": 156,
      "countries": {
        "US": {
          "name": "美国",
          "nameEn": "United States",
          "totalWarehouses": 113,
          "warehouses": [
            {"code": "BHM1", "name": "BHM1", "city": "Bessemer, AL", "state": "AL", "address": "975 Powder Plant Rd, Bessemer, AL 35022", "type": "FC", "lat": 33.4018, "lng": -86.9544},
            {"code": "MOB5", "name": "MOB5", "city": "Theodore, AL", "state": "AL", "address": "6735 Trippel Rd, Theodore, AL 36582", "type": "DC", "lat": 30.5477, "lng": -88.1892},
            {"code": "SAZ1", "name": "SAZ1", "city": "Phoenix, AZ", "state": "AZ", "address": "3333 S 7th St., Phoenix, AZ 85040", "type": "FC", "lat": 33.4256, "lng": -112.0644},
            {"code": "TUS2", "name": "TUS2", "city": "Tucson, AZ", "state": "AZ", "address": "6701 S. Kolb Rd., Tucson, AZ 85756", "type": "FC", "lat": 32.1574, "lng": -110.8380},
            {"code": "PHX3", "name": "PHX3", "city": "Phoenix, AZ", "state": "AZ", "address": "6835 W. Buckeye Rd. Phoenix, AZ 85043", "type": "FC", "lat": 33.4315, "lng": -112.1950},
            {"code": "PHX5", "name": "PHX5", "city": "Goodyear, AZ", "state": "AZ", "address": "16920 W. Commerce Drive, Goodyear, AZ 85338", "type": "FC", "lat": 33.4353, "lng": -112.3576},
            {"code": "PHX6", "name": "PHX6", "city": "Phoenix, AZ", "state": "AZ", "address": "4750 W. Mohave Street, Phoenix, AZ 85043", "type": "FC", "lat": 33.4300, "lng": -112.1350},
            {"code": "PHX7", "name": "PHX7", "city": "Phoenix, AZ", "state": "AZ", "address": "800 N. 75th Avenue, Phoenix, AZ 85043", "type": "FC", "lat": 33.4540, "lng": -112.2240},
            {"code": "PHX9", "name": "PHX9", "city": "Tolleson, AZ", "state": "AZ", "address": "777 S 79th Avenue, Tolleson, AZ 85353", "type": "FC", "lat": 33.4370, "lng": -112.2580},
            {"code": "DPX1", "name": "DPX1", "city": "Phoenix, AZ", "state": "AZ", "address": "500 S. 48th Street, Phoenix, AZ 85034", "type": "FC", "lat": 33.4405, "lng": -111.9775},
            {"code": "TFC1", "name": "TFC1", "city": "Phoenix, AZ", "state": "AZ", "address": "5050 W. Mohave Street, Phoenix, AZ 85043", "type": "FC", "lat": 33.4300, "lng": -112.1450},
            {"code": "ONT2", "name": "ONT2", "city": "San Bernardino, CA", "state": "CA", "address": "1910 E Central Ave, San Bernardino, CA 92408", "type": "FC", "lat": 34.0838, "lng": -117.2658},
            {"code": "ONT6", "name": "ONT6", "city": "Moreno Valley, CA", "state": "CA", "address": "24208 San Michele, Moreno Valley, CA 92551", "type": "FC", "lat": 33.9300, "lng": -117.2430},
            {"code": "ONT8", "name": "ONT8", "city": "Moreno Valley, CA", "state": "CA", "address": "24300 Nandina Ave., Moreno Valley, CA 92551", "type": "FC", "lat": 33.9305, "lng": -117.2440},
            {"code": "ONT9", "name": "ONT9", "city": "Redlands, CA", "state": "CA", "address": "2125 W San Bernardino Ave, Redlands, CA", "type": "FC", "lat": 34.0556, "lng": -117.2061},
            {"code": "LGB1", "name": "LGB1", "city": "Long Beach, CA", "state": "CA", "address": "2417 E. Carson St, Long Beach, CA 90810", "type": "FC", "lat": 33.8297, "lng": -118.1697},
            {"code": "LGB3", "name": "LGB3", "city": "Eastvale, CA", "state": "CA", "address": "4590 Goodman Way, Building 1, Eastvale, CA 91752", "type": "FC", "lat": 33.9628, "lng": -117.5772},
            {"code": "LGB4", "name": "LGB4", "city": "Redlands, CA", "state": "CA", "address": "27517 Pioneer Ave, Redlands, CA 92374", "type": "FC", "lat": 34.0360, "lng": -117.1820},
            {"code": "LGB6", "name": "LGB6", "city": "Riverside, CA", "state": "CA", "address": "20901 Krameria Ave, Riverside, CA 92518", "type": "FC", "lat": 33.8837, "lng": -117.2723},
            {"code": "LGB7", "name": "LGB7", "city": "Rialto, CA", "state": "CA", "address": "1660 N. Locust Ave., Rialto, CA 92376", "type": "FC", "lat": 34.1245, "lng": -117.3840},
            {"code": "LGB8", "name": "LGB8", "city": "Rialto, CA", "state": "CA", "address": "1568 N Linden Ave, Rialto, CA 92376", "type": "FC", "lat": 34.1220, "lng": -117.3960},
            {"code": "LGB9", "name": "LGB9", "city": "Perris, CA", "state": "CA", "address": "4375 N Perris Blvd, Perris, CA 92571", "type": "FC", "lat": 33.8170, "lng": -117.2290},
            {"code": "LAX9", "name": "LAX9", "city": "Fontana, CA", "state": "CA", "address": "11263 Oleander Ave, Building 1, Fontana, CA 92337", "type": "FC", "lat": 34.0770, "lng": -117.4857},
            {"code": "SNA6", "name": "SNA6", "city": "Eastvale, CA", "state": "CA", "address": "5250 Goodman Road, Eastvale, CA 92880", "type": "FC", "lat": 33.9620, "lng": -117.5650},
            {"code": "SNA7", "name": "SNA7", "city": "San Bernardino, CA", "state": "CA", "address": "555 East Orange Show Rd. San Bernardino, CA 92408", "type": "FC", "lat": 34.0750, "lng": -117.2750},
            {"code": "OAK3", "name": "OAK3", "city": "Patterson, CA", "state": "CA", "address": "255 Park Center Drive, Patterson City, CA 95363", "type": "FC", "lat": 37.4716, "lng": -121.1493},
            {"code": "OAK4", "name": "OAK4", "city": "Tracy, CA", "state": "CA", "address": "1555 N. Chrisman Road, Tracy, CA 95304", "type": "FC", "lat": 37.7480, "lng": -121.4550},
            {"code": "OAK6", "name": "OAK6", "city": "Newark, CA", "state": "CA", "address": "38811 Cherry Street, Newark, CA 94560", "type": "FC", "lat": 37.5175, "lng": -122.0157},
            {"code": "OAK8", "name": "OAK8", "city": "American Canyon, CA", "state": "CA", "address": "1 Middleton Way, American Canyon, CA 94503", "type": "FC", "lat": 38.1680, "lng": -122.2570},
            {"code": "SMF1", "name": "SMF1", "city": "Sacramento, CA", "state": "CA", "address": "4900 W Elkhorn Blvd, Metro Air Park, Sacramento, CA 95835", "type": "FC", "lat": 38.6750, "lng": -121.5420},
            {"code": "SMF3", "name": "SMF3", "city": "Stockton, CA", "state": "CA", "address": "4723 S B Street, Stockton, CA 95215", "type": "FC", "lat": 37.9280, "lng": -121.2770},
            {"code": "SMF5", "name": "SMF5", "city": "Vacaville, CA", "state": "CA", "address": "300 Crocker Dr, Vacaville, CA 95688", "type": "FC", "lat": 38.3730, "lng": -121.9850},
            {"code": "SJC7", "name": "SJC7", "city": "Tracy, CA", "state": "CA", "address": "188 Mountain House Pkwy, Tracy, CA 95391", "type": "FC", "lat": 37.7580, "lng": -121.5550},
            {"code": "SCK1", "name": "SCK1", "city": "Stockton, CA", "state": "CA", "address": "4611 Newcastle Road, Stockton, CA 95215", "type": "FC", "lat": 37.9400, "lng": -121.2850},
            {"code": "FAT1", "name": "FAT1", "city": "Fresno, CA", "state": "CA", "address": "3575 S Orange Ave, Fresno, CA 93725", "type": "FC", "lat": 36.6990, "lng": -119.7750},
            {"code": "DEN1", "name": "DEN1", "city": "Thornton, CO", "state": "CO", "address": "221-189 E 144th Ave, Thornton, CO 80023", "type": "FC", "lat": 39.9180, "lng": -104.9650},
            {"code": "DEN2", "name": "DEN2", "city": "Aurora, CO", "state": "CO", "address": "24006 East 19th Avenue, Aurora, CO 80019", "type": "FC", "lat": 39.7410, "lng": -104.7370},
            {"code": "DEN3", "name": "DEN3", "city": "Thornton, CO", "state": "CO", "address": "Grant Street Thornton CO 80023", "type": "FC", "lat": 39.9190, "lng": -104.9870},
            {"code": "DEN5", "name": "DEN5", "city": "Aurora, CO", "state": "CO", "address": "19799 E 36th Dr, Aurora, CO 80011", "type": "SC", "lat": 39.7760, "lng": -104.8000},
            {"code": "DEN6", "name": "DEN6", "city": "Denver, CO", "state": "CO", "address": "480 E 55th Ave, Denver, CO 80216", "type": "FC", "lat": 39.7930, "lng": -104.9650},
            {"code": "BDL1", "name": "BDL1", "city": "Windsor, CT", "state": "CT", "address": "801 Day Hill Road Windsor, CT 06095", "type": "FC", "lat": 41.8780, "lng": -72.6380},
            {"code": "BDL2", "name": "BDL2", "city": "North Haven, CT", "state": "CT", "address": "409 Washington Ave, North Haven, CT 06473", "type": "FC", "lat": 41.3850, "lng": -72.8460},
            {"code": "BDL3", "name": "BDL3", "city": "North Haven, CT", "state": "CT", "address": "415 Washington Ave, Building 3, North Haven, CT 06473", "type": "FC", "lat": 41.3855, "lng": -72.8465},
            {"code": "PHL1", "name": "PHL1", "city": "New Castle, DE", "state": "DE", "address": "1 Centerpoint Boulevard, New Castle, DE 19720", "type": "FC", "lat": 39.6610, "lng": -75.5850},
            {"code": "PHL3", "name": "PHL3", "city": "New Castle, DE", "state": "DE", "address": "1600 Johnson Way, New Castle, DE 19720", "type": "FC", "lat": 39.6615, "lng": -75.5860},
            {"code": "PHL7", "name": "PHL7", "city": "Middletown, DE", "state": "DE", "address": "560 Merrimac Avenue, Middletown, DE 19709", "type": "FC", "lat": 39.4490, "lng": -75.7050},
            {"code": "PHL8", "name": "PHL8", "city": "Middletown, DE", "state": "DE", "address": "727 N. Broad Street, Middletown, DE 19709", "type": "FC", "lat": 39.4560, "lng": -75.7160},
            {"code": "JAX1", "name": "JAX1", "city": "Jacksonville, FL", "state": "FL", "address": "12900 Pecan Park Road, Jacksonville, FL 32218", "type": "FC", "lat": 30.4440, "lng": -81.6820},
            {"code": "JAX2", "name": "JAX2", "city": "Jacksonville, FL", "state": "FL", "address": "12900 Pecan Park Rd., Jacksonville, FL 32218", "type": "FC", "lat": 30.4445, "lng": -81.6825},
            {"code": "MCO1", "name": "MCO1", "city": "Orlando, FL", "state": "FL", "address": "12340 Boggy Creek Rd, Orlando, FL 32824", "type": "FC", "lat": 28.4260, "lng": -81.3720},
            {"code": "MCO5", "name": "MCO5", "city": "Davenport, FL", "state": "FL", "address": "305 Deen Still Rd Davenport, FL 33897", "type": "SC", "lat": 28.2270, "lng": -81.6070},
            {"code": "MIA1", "name": "MIA1", "city": "Opa Locka, FL", "state": "FL", "address": "14000 NW 37th Ave, Opa Locka, FL 33054", "type": "FC", "lat": 25.9370, "lng": -80.2580},
            {"code": "MIA5", "name": "MIA5", "city": "Doral, FL", "state": "FL", "address": "1900 NW 132nd Place, Doral, FL 33182", "type": "SC", "lat": 25.7970, "lng": -80.3820},
            {"code": "MIA6", "name": "MIA6", "city": "Miami, FL", "state": "FL", "address": "3200 NW 67th Avenue, Miami, FL 33122", "type": "FC", "lat": 25.8010, "lng": -80.3180},
            {"code": "TPA1", "name": "TPA1", "city": "Ruskin, FL", "state": "FL", "address": "351 30th Street NE, Ruskin, FL 33570", "type": "FC", "lat": 27.7130, "lng": -82.3750},
            {"code": "TPA2", "name": "TPA2", "city": "Lakeland, FL", "state": "FL", "address": "1760 County Line Road, Lakeland, FL 33811", "type": "FC", "lat": 28.0080, "lng": -81.9300},
            {"code": "LAL1", "name": "LAL1", "city": "Lakeland, FL", "state": "FL", "address": "1760 County Line Road, Lakeland, FL 33811", "type": "FC", "lat": 28.0085, "lng": -81.9305},
            {"code": "ATL2", "name": "ATL2", "city": "Stone Mountain, GA", "state": "GA", "address": "2255 W Park Blvd, Stone Mountain, GA 30087", "type": "FC", "lat": 33.8230, "lng": -84.1550},
            {"code": "ATL7", "name": "ATL7", "city": "Union City, GA", "state": "GA", "address": "6855 Shannon Pkwy, Union City, GA 30291", "type": "FC", "lat": 33.5870, "lng": -84.5420},
            {"code": "MGE1", "name": "MGE1", "city": "Braselton, GA", "state": "GA", "address": "650 Broadway Ave, Braselton, GA 30517", "type": "FC", "lat": 34.1090, "lng": -83.7620},
            {"code": "MGE3", "name": "MGE3", "city": "Jefferson, GA", "state": "GA", "address": "808 Hog Mountain Rd., Building F, Jefferson, GA 30549", "type": "FC", "lat": 34.1180, "lng": -83.6600},
            {"code": "SAV1", "name": "SAV1", "city": "Garden City, GA", "state": "GA", "address": "Georgia Ports Authority Garden City Terminal, Building CFS #2, Garden City, GA 31408", "type": "FC", "lat": 32.0920, "lng": -81.1410},
            {"code": "SAV3", "name": "SAV3", "city": "Macon, GA", "state": "GA", "address": "7001 Skipper Rd., Macon, GA 31216", "type": "FC", "lat": 32.7820, "lng": -83.7350},
            {"code": "MDW2", "name": "MDW2", "city": "Joliet, IL", "state": "IL", "address": "250 Emerald Drive Joliet, IL 60433", "type": "FC", "lat": 41.5190, "lng": -88.0600},
            {"code": "MDW4", "name": "MDW4", "city": "Joliet, IL", "state": "IL", "address": "201 Emerald Drive, Joliet, IL 60433", "type": "FC", "lat": 41.5180, "lng": -88.0610},
            {"code": "MDW5", "name": "MDW5", "city": "Romeoville, IL", "state": "IL", "address": "1125 W Remington Blvd, Romeoville, IL 60556", "type": "FC", "lat": 41.6480, "lng": -88.1020},
            {"code": "MDW6", "name": "MDW6", "city": "Romeoville, IL", "state": "IL", "address": "1125 Remington Blvd, Romeoville, IL 60446", "type": "FC", "lat": 41.6490, "lng": -88.1030},
            {"code": "MDW7", "name": "MDW7", "city": "Monee, IL", "state": "IL", "address": "6521 W Monee Manhattan Road, Monee, IL 60449", "type": "FC", "lat": 41.4200, "lng": -87.7830},
            {"code": "MDW8", "name": "MDW8", "city": "Waukegan, IL", "state": "IL", "address": "1750 Bridge Dr., Waukegan, IL 60085", "type": "FC", "lat": 42.3460, "lng": -87.8420},
            {"code": "MDW9", "name": "MDW9", "city": "Aurora, IL", "state": "IL", "address": "2865 Duke Parkway, Aurora, IL 60502", "type": "FC", "lat": 41.7680, "lng": -88.2950},
            {"code": "ORD6", "name": "ORD6", "city": "Wood Dale, IL", "state": "IL", "address": "1250 N Mittel Blvd, Wood Dale, IL", "type": "FC", "lat": 41.9640, "lng": -87.9780},
            {"code": "STL4", "name": "STL4", "city": "Edwardsville, IL", "state": "IL", "address": "3050 Gateway Commerce Center Drive South, Edwardsville, IL 62025", "type": "FC", "lat": 38.8140, "lng": -89.9360},
            {"code": "STL6", "name": "STL6", "city": "Edwardsville, IL", "state": "IL", "address": "3931 Lakeview Corporate Drive, Edwardsville, IL 62025", "type": "FC", "lat": 38.8150, "lng": -89.9370},
            {"code": "IND1", "name": "IND1", "city": "Whitestown, IN", "state": "IN", "address": "4255 Anson Boulevard, Whitestown, IN 46075", "type": "FC", "lat": 39.9760, "lng": -86.3430},
            {"code": "IND2", "name": "IND2", "city": "Plainfield, IN", "state": "IN", "address": "715 Airtech Parkway, Plainfield, IN 46168", "type": "FC", "lat": 39.6970, "lng": -86.3760},
            {"code": "IND5", "name": "IND5", "city": "Plainfield, IN", "state": "IN", "address": "800 S Perry Road, Plainfield, IN 46168", "type": "FC", "lat": 39.6850, "lng": -86.3890},
            {"code": "IND7", "name": "IND7", "city": "Indianapolis, IN", "state": "IN", "address": "9101 Orly Dr, Indianapolis, IN 46241", "type": "FC", "lat": 39.7150, "lng": -86.2540},
            {"code": "IND9", "name": "IND9", "city": "Greenwood, IN", "state": "IN", "address": "1151 S Graham Rd, Greenwood, IN", "type": "FC", "lat": 39.5940, "lng": -86.0880},
            {"code": "SDF8", "name": "SDF8", "city": "Jeffersonville, IN", "state": "IN", "address": "900 Patrol Road, Jeffersonville, IN 47130", "type": "FC", "lat": 38.3070, "lng": -85.7250},
            {"code": "MCI1", "name": "MCI1", "city": "Lenexa, KS", "state": "KS", "address": "113th Street and Renner Boulevard, Lenexa, KS 66219", "type": "FC", "lat": 38.9260, "lng": -94.7590},
            {"code": "MCI5", "name": "MCI5", "city": "Lenexa, KS", "state": "KS", "address": "16851 W 113th Street, Lenexa, KS 66219", "type": "SC", "lat": 38.9270, "lng": -94.7600},
            {"code": "MCI7", "name": "MCI7", "city": "New Century, KS", "state": "KS", "address": "27200 W 157th St, New Century, KS 66031", "type": "FC", "lat": 38.8340, "lng": -94.9000},
            {"code": "MKC4", "name": "MKC4", "city": "Edgerton, KS", "state": "KS", "address": "19645 Waverly Road, Edgerton, KS 66021", "type": "FC", "lat": 38.7740, "lng": -95.0210},
            {"code": "MKC6", "name": "MKC6", "city": "Kansas City, KS", "state": "KS", "address": "6925 Riverview Ave., Kansas City, KS 66102", "type": "FC", "lat": 39.1250, "lng": -94.6480},
            {"code": "CVG1", "name": "CVG1", "city": "Hebron, KY", "state": "KY", "address": "1155 Worldwide Blvd. Hebron, KY 41048", "type": "FC", "lat": 39.0680, "lng": -84.6920},
            {"code": "CVG2", "name": "CVG2", "city": "Hebron, KY", "state": "KY", "address": "1600 Worldwide Blvd. Hebron, KY 41048", "type": "FC", "lat": 39.0690, "lng": -84.6930},
            {"code": "CVG3", "name": "CVG3", "city": "Hebron, KY", "state": "KY", "address": "3680 Langley Drive, Hebron, KY 41048", "type": "FC", "lat": 39.0520, "lng": -84.6990},
            {"code": "LEX1", "name": "LEX1", "city": "Lexington, KY", "state": "KY", "address": "1850 Mercer Road, Lexington, KY 40511", "type": "FC", "lat": 38.0550, "lng": -84.5370},
            {"code": "SDF1", "name": "SDF1", "city": "Campbellsville, KY", "state": "KY", "address": "1105 S Columbia Avenue, Campbellsville, KY 42718", "type": "FC", "lat": 37.3310, "lng": -85.3390},
            {"code": "SDF4", "name": "SDF4", "city": "Shepherdsville, KY", "state": "KY", "address": "376 Zappos.com Boulevard, Shepherdesville, KY 40165", "type": "FC", "lat": 37.9870, "lng": -85.6930},
            {"code": "SDF6", "name": "SDF6", "city": "Shepherdsville, KY", "state": "KY", "address": "271 Omega Parkway, Shepherdsville, KY 40165", "type": "FC", "lat": 37.9880, "lng": -85.6940},
            {"code": "SDF9", "name": "SDF9", "city": "Shepherdsville, KY", "state": "KY", "address": "100 W. Thomas P. Echols Lane, Shepherdsville, KY 40165", "type": "FC", "lat": 37.9890, "lng": -85.6950},
            {"code": "BWI5", "name": "BWI5", "city": "Baltimore, MD", "state": "MD", "address": "5501 Holabird Avenue, Baltimore, MD 21224", "type": "SC", "lat": 39.2730, "lng": -76.5370},
            {"code": "MDT2", "name": "MDT2", "city": "North East, MD", "state": "MD", "address": "600 Principio Parkway West, North East, MD 21901", "type": "FC", "lat": 39.6060, "lng": -75.9380},
            {"code": "BOS5", "name": "BOS5", "city": "Stoughton, MA", "state": "MA", "address": "1000 Tech Center Drive, Stoughton, MA 02072", "type": "SC", "lat": 42.1100, "lng": -71.1150},
            {"code": "BOS7", "name": "BOS7", "city": "Fall River, MA", "state": "MA", "address": "1180 Innovation Way, Fall River, MA 02722", "type": "FC", "lat": 41.6830, "lng": -71.1350},
            {"code": "DTW1", "name": "DTW1", "city": "Romulus, MI", "state": "MI", "address": "39000 Amrhein Rd., Livonia, MI 48150", "type": "FC", "lat": 42.3380, "lng": -83.4160},
            {"code": "DET2", "name": "DET2", "city": "Shelby Township, MI", "state": "MI", "address": "50500 Mound Rd, Shelby Township, MI 48317", "type": "FC", "lat": 42.6960, "lng": -83.0350},
            {"code": "GRR1", "name": "GRR1", "city": "Caledonia, MI", "state": "MI", "address": "4500 68th St. SE, Caledonia (Gaines Township), MI 49316", "type": "FC", "lat": 42.7730, "lng": -85.5280},
            {"code": "MSP1", "name": "MSP1", "city": "Shakopee, MN", "state": "MN", "address": "2601 4th Avenue East, Shakopee, MN 55379", "type": "FC", "lat": 44.7760, "lng": -93.4650},
            {"code": "MSP5", "name": "MSP5", "city": "Shakopee, MN", "state": "MN", "address": "5825 11th Avenue East, Shakopee, MN 55379", "type": "SC", "lat": 44.7770, "lng": -93.4660},
            {"code": "MEM2", "name": "MEM2", "city": "Byhalia, MS", "state": "MS", "address": "191 Norfolk Southern Way, Byhalia, MS 38611", "type": "FC", "lat": 34.8970, "lng": -89.6610},
            {"code": "JAN1", "name": "JAN1", "city": "Clinton, MS", "state": "MS", "address": "1010 E Northside Drive, Clinton, MS 39056", "type": "FC", "lat": 32.3540, "lng": -90.3190},
            {"code": "STL5", "name": "STL5", "city": "Hazelwood, MO", "state": "MO", "address": "462 Hazelwood Logistics Center Dr, Hazelwood, MO 63042", "type": "SC", "lat": 38.7910, "lng": -90.4030},
            {"code": "STL8", "name": "STL8", "city": "St. Peters, MO", "state": "MO", "address": "4000 Premier Parkway, St. Peters, MO 63376", "type": "FC", "lat": 38.8010, "lng": -90.6030},
            {"code": "LAS1", "name": "LAS1", "city": "Henderson, NV", "state": "NV", "address": "12300 Bermuda Road, Henderson, NV 89044", "type": "FC", "lat": 35.9530, "lng": -115.0750},
            {"code": "LAS6", "name": "LAS6", "city": "North Las Vegas, NV", "state": "NV", "address": "4550 Nexus Way, North Las Vegas, NV 89115", "type": "FC", "lat": 36.2620, "lng": -115.0820},
            {"code": "LAS7", "name": "LAS7", "city": "North Las Vegas, NV", "state": "NV", "address": "6001 E. Tropical Parkway, North Las Vegas, NV", "type": "FC", "lat": 36.2750, "lng": -115.0580},
            {"code": "RNO1", "name": "RNO1", "city": "Fernley, NV", "state": "NV", "address": "1600 East Newlands Dr. Fernley, NV 89408", "type": "FC", "lat": 39.6040, "lng": -119.2120},
            {"code": "RNO4", "name": "RNO4", "city": "Reno, NV", "state": "NV", "address": "8000 North Virginia Street, Reno, NV 89506", "type": "FC", "lat": 39.5920, "lng": -119.8310},
            {"code": "EWR1", "name": "EWR1", "city": "Robbinsville, NJ", "state": "NJ", "address": "50 New Canton Way Robbinsville, NJ 08691", "type": "FC", "lat": 40.2210, "lng": -74.5730},
            {"code": "EWR4", "name": "EWR4", "city": "Robbinsville, NJ", "state": "NJ", "address": "50 New Canton Way, Robbinsville, NJ 08691", "type": "FC", "lat": 40.2215, "lng": -74.5735},
            {"code": "EWR9", "name": "EWR9", "city": "Carteret, NJ", "state": "NJ", "address": "8003 Industrial Avenue, Carteret, NJ 07008", "type": "FC", "lat": 40.5730, "lng": -74.2200},
            {"code": "ACY1", "name": "ACY1", "city": "West Deptford, NJ", "state": "NJ", "address": "240 Mantua Grove Rd, West Deptford, NJ 08066", "type": "FC", "lat": 39.8440, "lng": -75.1790},
            {"code": "TEB3", "name": "TEB3", "city": "Swedesboro, NJ", "state": "NJ", "address": "2651 Oldmans Creek Rd, Swedesboro, NJ 08085", "type": "FC", "lat": 39.7470, "lng": -75.3230},
            {"code": "TEB6", "name": "TEB6", "city": "Cranbury, NJ", "state": "NJ", "address": "22 Highstown-Cranbury Station Road, Cranbury Township, NJ 08512", "type": "FC", "lat": 40.3040, "lng": -74.5070},
            {"code": "JFK8", "name": "JFK8", "city": "Staten Island, NY", "state": "NY", "address": "546 Gulf Ave, Staten Island, NY 10314", "type": "FC", "lat": 40.5930, "lng": -74.1720},
            {"code": "SYR1", "name": "SYR1", "city": "East Syracuse, NY", "state": "NY", "address": "6834 Kirkville Road, East Syracuse, NY 13057", "type": "FC", "lat": 43.0690, "lng": -76.0130},
            {"code": "SYR2", "name": "SYR2", "city": "Clay, NY", "state": "NY", "address": "3300 Morgan Road, Clay, NY 13041", "type": "FC", "lat": 43.1550, "lng": -76.1780},
            {"code": "CLT2", "name": "CLT2", "city": "Charlotte, NC", "state": "NC", "address": "10240 Old Dowd Rd, Charlotte, NC 28214", "type": "FC", "lat": 35.2610, "lng": -80.9920},
            {"code": "CLT4", "name": "CLT4", "city": "Charlotte, NC", "state": "NC", "address": "8000 Tuckaseegee Road, Charlotte, NC 28214", "type": "FC", "lat": 35.2620, "lng": -80.9930},
            {"code": "RDU1", "name": "RDU1", "city": "Garner, NC", "state": "NC", "address": "4851 Jones Sausage Road, Garner, NC 27529", "type": "DC", "lat": 35.6780, "lng": -78.5940}
          ]
        },
        "CA": {
          "name": "加拿大",
          "nameEn": "Canada",
          "totalWarehouses": 12,
          "warehouses": [
            {"code": "YYZ1", "name": "YYZ1", "city": "Mississauga, ON", "address": "6363 Millcreek Drive Mississauga, ON L5N 1L8", "type": "FC", "lat": 43.5980, "lng": -79.6350},
            {"code": "YYZ2", "name": "YYZ2", "city": "Milton, ON", "address": "2750 Peddie Rd. Milton, ON L9T 6Y9", "type": "FC", "lat": 43.5190, "lng": -79.8640},
            {"code": "YYZ3", "name": "YYZ3", "city": "Brampton, ON", "address": "7995 Winston Churchill Blvd. Brampton, ON L6Y 0B2", "type": "FC", "lat": 43.6770, "lng": -79.7490},
            {"code": "YYZ4", "name": "YYZ4", "city": "Brampton, ON", "address": "8050 Heritage Rd., Brampton, ON L6Y 0C9", "type": "FC", "lat": 43.6780, "lng": -79.7500},
            {"code": "YYZ7", "name": "YYZ7", "city": "Bolton, ON", "address": "12724 Coleraine Dr., Caledon (Bolton), ON L7E 4L8", "type": "FC", "lat": 43.8850, "lng": -79.7520},
            {"code": "YYZ9", "name": "YYZ9", "city": "Scarborough, ON", "address": "900 Passmore Ave, Scarborough, ON M1X 0A1", "type": "FC", "lat": 43.8180, "lng": -79.2420},
            {"code": "YVR3", "name": "YVR3", "city": "New Westminster, BC", "address": "109 Braid St, New Westminster, BC V3L 3R9", "type": "FC", "lat": 49.2260, "lng": -122.9010},
            {"code": "YVR4", "name": "YVR4", "city": "Delta, BC", "address": "4189 Salish Sea Way, Tsawwassen (Delta), BC V4M 0B9", "type": "FC", "lat": 49.0200, "lng": -123.1050},
            {"code": "YYC1", "name": "YYC1", "city": "Rocky View County, AB", "address": "293069 Col Robertson Way, Rocky View County, AB T4A 1C6", "type": "FC", "lat": 51.1450, "lng": -113.9120},
            {"code": "YEG1", "name": "YEG1", "city": "Nisku, AB", "address": "1440 39 Ave, Nisku, Leduc County, AB T6W 1A7", "type": "FC", "lat": 53.3210, "lng": -113.5280},
            {"code": "YUL1", "name": "YUL1", "city": "Lachine, QC", "address": "3000 Rue Louis A Amos, Lachine, QC H8T 3P8", "type": "FC", "lat": 45.4470, "lng": -73.6740},
            {"code": "YOW1", "name": "YOW1", "city": "Ottawa, ON", "address": "5225 Boundary Road, Ottawa, ON K4N 1P6", "type": "FC", "lat": 45.3380, "lng": -75.5230}
          ]
        },
        "MX": {
          "name": "墨西哥",
          "nameEn": "Mexico",
          "totalWarehouses": 5,
          "warehouses": [
            {"code": "MEX1", "name": "MEX1", "city": "Cuautitlán Izcalli", "address": "Av. Tecnológico 100, Col. La Presa, Cuautitlán Izcalli, Estado de México 54769", "type": "FC", "lat": 19.6540, "lng": -99.2110},
            {"code": "MEX2", "name": "MEX2", "city": "Ixtapaluca", "address": "Carretera Federal México-Puebla Km 34.5, Ixtapaluca, Estado de México 56530", "type": "FC", "lat": 19.3180, "lng": -98.8760},
            {"code": "GDL1", "name": "GDL1", "city": "Zapopan, Jalisco", "address": "Anillo Periférico Sur Manuel Gómez Morín 7980, El Mante, Zapopan, Jalisco 45235", "type": "FC", "lat": 20.6690, "lng": -103.4170},
            {"code": "MTY1", "name": "MTY1", "city": "Apodaca, Nuevo León", "address": "Av. Alianza 100, Apodaca, Nuevo León 66600", "type": "FC", "lat": 25.7860, "lng": -100.1860},
            {"code": "PUE1", "name": "PUE1", "city": "Puebla", "address": "Autopista México-Puebla Km 115, San Lorenzo Almecatla, Puebla 72710", "type": "FC", "lat": 19.0970, "lng": -98.1990}
          ]
        },
        "JP": {
          "name": "日本",
          "nameEn": "Japan",
          "totalWarehouses": 15,
          "warehouses": [
            {"code": "NRT1", "name": "NRT1", "city": "市川市, 千葉県", "address": "2 Chome-13-1 Shiohama, Ichikawa, Chiba 272-0127", "type": "FC", "lat": 35.6970, "lng": 139.9560},
            {"code": "NRT2", "name": "NRT2", "city": "八千代市, 千葉県", "address": "2036 Kamikoya, Yachiyo, Chiba 276-0022", "type": "FC", "lat": 35.7380, "lng": 140.0750},
            {"code": "NRT5", "name": "NRT5", "city": "川越市, 埼玉県", "address": "1 Chome-10-15 Minamidai, Kawagoe, Saitama 350-1165", "type": "FC", "lat": 35.9040, "lng": 139.4760},
            {"code": "HND3", "name": "HND3", "city": "川崎市, 神奈川県", "address": "2F 2-1-1 Kawajima, Kawajimamachi, Hiki-gun, Saitama 350-0195", "type": "FC", "lat": 35.9170, "lng": 139.4760},
            {"code": "HND6", "name": "HND6", "city": "川崎市, 神奈川県", "address": "3 Chome-14-1 Kitamigata, Takatsu Ward, Kawasaki, Kanagawa 213-8516", "type": "FC", "lat": 35.5990, "lng": 139.6280},
            {"code": "HND9", "name": "HND9", "city": "川崎市, 神奈川県", "address": "3 Chome-14-1 Kitamigata, Takatsu Ward, Kawasaki, Kanagawa 213-0005", "type": "FC", "lat": 35.6000, "lng": 139.6290},
            {"code": "FSZ1", "name": "FSZ1", "city": "小田原市, 神奈川県", "address": "4 Chome-5-1 Ogicho, Odawara, Kanagawa 250-0001", "type": "FC", "lat": 35.2770, "lng": 139.1840},
            {"code": "KIX1", "name": "KIX1", "city": "堺市, 大阪府", "address": "138-7 Chikkoyawatamachi, Sakai Ward, Sakai, Osaka 590-0901", "type": "FC", "lat": 34.5700, "lng": 135.4630},
            {"code": "KIX2", "name": "KIX2", "city": "大東市, 大阪府", "address": "2 Chome-1-1 Midorigaoka, Daito, Osaka 574-0073", "type": "FC", "lat": 34.7310, "lng": 135.6370},
            {"code": "KIX3", "name": "KIX3", "city": "茨木市, 大阪府", "address": "2-1 Matsushitacho, Ibaraki, Osaka 567-0026", "type": "FC", "lat": 34.8220, "lng": 135.5500},
            {"code": "KIX4", "name": "KIX4", "city": "藤井寺市, 大阪府", "address": "4 Chome-435 Tsudo, Fujiidera, Osaka 583-0037", "type": "FC", "lat": 34.5660, "lng": 135.5920},
            {"code": "TPF3", "name": "TPF3", "city": "高槻市, 大阪府", "address": "1 Chome-52 Shibocho, Takatsuki, Osaka 569-0823", "type": "FC", "lat": 34.8510, "lng": 135.5860},
            {"code": "HSG1", "name": "HSG1", "city": "鳥栖市, 佐賀県", "address": "3 Chome-1-3 Yayoigaoka, Tosu, Saga 841-0005", "type": "FC", "lat": 33.3770, "lng": 130.5060},
            {"code": "NGO2", "name": "NGO2", "city": "多治見市, 岐阜県", "address": "10 Chome-6-136 Asahigaoka, Tajimi, Gifu 507-0071", "type": "FC", "lat": 35.3550, "lng": 137.1420},
            {"code": "TYO6", "name": "TYO6", "city": "坂戸市, 埼玉県", "address": "1-chome-2-1 Nishi Inter, Sakado, Saitama 350-0259", "type": "FC", "lat": 35.9680, "lng": 139.3770}
          ]
        },
        "AU": {
          "name": "澳大利亚",
          "nameEn": "Australia",
          "totalWarehouses": 7,
          "warehouses": [
            {"code": "BWU1", "name": "BWU1", "city": "Moorebank, NSW", "address": "23 Centenary Ave, Moorebank NSW 2170", "type": "FC", "lat": -33.9450, "lng": 150.9350},
            {"code": "BWU2", "name": "BWU2", "city": "Kemps Creek, NSW", "address": "13 Emporium Ave, Kemps Creek NSW 2178", "type": "FC", "lat": -33.8940, "lng": 150.7850},
            {"code": "MEL1", "name": "MEL1", "city": "Dandenong South, VIC", "address": "1-29 National Dr, Dandenong South VIC 3175", "type": "FC", "lat": -38.0450, "lng": 145.2060},
            {"code": "MEL5", "name": "MEL5", "city": "Ravenhall, VIC", "address": "103 Palm Springs Rd, Ravenhall VIC 3023", "type": "FC", "lat": -37.7690, "lng": 144.7450},
            {"code": "MEL8", "name": "MEL8", "city": "Craigieburn, VIC", "address": "Amaroo Rd, Craigieburn VIC 3064", "type": "FC", "lat": -37.5870, "lng": 144.9380},
            {"code": "BNE1", "name": "BNE1", "city": "Lytton, QLD", "address": "42-52 Export St, Lytton QLD 4178", "type": "FC", "lat": -27.4320, "lng": 153.1270},
            {"code": "PER2", "name": "PER2", "city": "Perth Airport, WA", "address": "60 Paltridge Rd, Perth Airport WA 6105", "type": "FC", "lat": -31.9380, "lng": 115.9750}
          ]
        },
        "IN": {
          "name": "印度",
          "nameEn": "India",
          "totalWarehouses": 17,
          "warehouses": [
            {"code": "DEL2", "name": "DEL2", "city": "Gurgaon, Haryana", "address": "Unit No.1, Village Tauru, Mewat-122105", "type": "FC", "lat": 28.1030, "lng": 76.9270},
            {"code": "DEL4", "name": "DEL4", "city": "Gurgaon, Haryana", "address": "Village Jamalpur, Dist Gurgaon 122503", "type": "FC", "lat": 28.4060, "lng": 77.0270},
            {"code": "DEL5", "name": "DEL5", "city": "Manesar, Haryana", "address": "Binola, National Highway-8, Manesar, Gurgaon, Haryana - 122413", "type": "FC", "lat": 28.3670, "lng": 76.9320},
            {"code": "BOM4", "name": "BOM4", "city": "Mumbai, Maharashtra", "address": "Mumbai, Maharashtra", "type": "FC", "lat": 19.0760, "lng": 72.8770},
            {"code": "BOM5", "name": "BOM5", "city": "Bhiwandi, Maharashtra", "address": "Bhiwandi, Mumbai, Maharashtra", "type": "FC", "lat": 19.2980, "lng": 73.0650},
            {"code": "BOM7", "name": "BOM7", "city": "Bhiwandi, Maharashtra", "address": "Bhiwandi, Mumbai, Maharashtra", "type": "FC", "lat": 19.2990, "lng": 73.0660},
            {"code": "BLR4", "name": "BLR4", "city": "Devanahalli, Karnataka", "address": "Plot no. 12/P2 (IT Sector), Devanahalli, Bengaluru – 562149", "type": "FC", "lat": 13.2370, "lng": 77.7010},
            {"code": "BLR5", "name": "BLR5", "city": "Hoskote, Karnataka", "address": "Kacharakanahalli Village, Hosakoti taluka, Bengaluru-562114", "type": "FC", "lat": 13.0630, "lng": 77.7780},
            {"code": "BLR7", "name": "BLR7", "city": "Anekal, Karnataka", "address": "Thattanahalli & Madivala Village, Anekal Taluk, Bangalore-562107", "type": "FC", "lat": 12.7350, "lng": 77.6880},
            {"code": "BLR8", "name": "BLR8", "city": "Devanahalli, Karnataka", "address": "Building 2 Wh 2. Plot no. l2/P2 IT Sector, Devanahalli, Bengaluru, Karnataka, 562149", "type": "FC", "lat": 13.2380, "lng": 77.7020},
            {"code": "MAA4", "name": "MAA4", "city": "Chennai, Tamil Nadu", "address": "Chennai, Tamil Nadu", "type": "FC", "lat": 13.0830, "lng": 80.2700},
            {"code": "HYD3", "name": "HYD3", "city": "Hyderabad, Telangana", "address": "Hyderabad, Telangana", "type": "FC", "lat": 17.3850, "lng": 78.4860},
            {"code": "HYD8", "name": "HYD8", "city": "Hyderabad, Telangana", "address": "Hyderabad, Telangana", "type": "FC", "lat": 17.3860, "lng": 78.4870},
            {"code": "CCX1", "name": "CCX1", "city": "Howrah, West Bengal", "address": "Howrah, West Bengal", "type": "FC", "lat": 22.5960, "lng": 88.2640},
            {"code": "CCX2", "name": "CCX2", "city": "Kolkata, West Bengal", "address": "Kolkata, West Bengal", "type": "FC", "lat": 22.5730, "lng": 88.3640},
            {"code": "AMD2", "name": "AMD2", "city": "Ahmedabad, Gujarat", "address": "Plot no. 120, Gallops Industrial Park 1, Village Rajoda, District Ahmedabad- 382220", "type": "FC", "lat": 22.8840, "lng": 72.4380},
            {"code": "PNQ3", "name": "PNQ3", "city": "Pune, Maharashtra", "address": "Pune, Maharashtra", "type": "FC", "lat": 18.5200, "lng": 73.8570}
          ]
        },
        "AE": {
          "name": "阿联酋",
          "nameEn": "United Arab Emirates",
          "totalWarehouses": 5,
          "warehouses": [
            {"code": "DXB2", "name": "DXB2", "city": "Dubai, Jebel Ali", "address": "Mina Jebel Ali - National Industries Park - Dubai", "type": "FC", "lat": 24.9860, "lng": 55.0270},
            {"code": "DXB3", "name": "DXB3", "city": "Dubai Logistics City", "address": "Amazon Fulfillment Centre - Dubai Logistics City - Dubai", "type": "FC", "lat": 24.8970, "lng": 55.1620},
            {"code": "DXB4", "name": "DXB4", "city": "Dubai Investment Park", "address": "Dubai Investment Park-2 (DIP-2) - Dubai", "type": "FC", "lat": 24.9710, "lng": 55.1480},
            {"code": "DXB6", "name": "DXB6", "city": "Dubai, Jebel Ali", "address": "Mina Jebel Ali - National Industries Park - Dubai", "type": "FC", "lat": 24.9870, "lng": 55.0280},
            {"code": "AUH1", "name": "AUH1", "city": "Abu Dhabi, ICAD", "address": "Industrial City of Abu Dhabi (ICAD), Khalifa Economic Zones Abu Dhabi (KEZAD), Abu Dhabi", "type": "FC", "lat": 24.3640, "lng": 54.5010}
          ]
        },
        "SA": {
          "name": "沙特阿拉伯",
          "nameEn": "Saudi Arabia",
          "totalWarehouses": 7,
          "warehouses": [
            {"code": "RUH3", "name": "RUH3", "city": "Riyadh", "address": "As Sulay, 3874 SA, Riyadh 14273", "type": "FC", "lat": 24.6760, "lng": 46.7350},
            {"code": "RUH6", "name": "RUH6", "city": "Riyadh", "address": "8438, Riyadh 14273", "type": "FC", "lat": 24.6770, "lng": 46.7360},
            {"code": "RUH7", "name": "RUH7", "city": "Riyadh", "address": "Southern Ring Road, Riyadh 14273", "type": "FC", "lat": 24.6200, "lng": 46.7750},
            {"code": "JED3", "name": "JED3", "city": "Jeddah", "address": "Jeddah Islamic Seaport, Jeddah 22311", "type": "FC", "lat": 21.4850, "lng": 39.1620},
            {"code": "JED4", "name": "JED4", "city": "Jeddah", "address": "3543 Jeddah Islamic Seaport 63, JIEA8567, Jeddah 22311", "type": "FC", "lat": 21.4860, "lng": 39.1630},
            {"code": "JED6", "name": "JED6", "city": "Jeddah", "address": "Jeddah Islamic Seaport, Jeddah 22311", "type": "FC", "lat": 21.4870, "lng": 39.1640},
            {"code": "DME6", "name": "DME6", "city": "Madinah", "address": "7607 Musalama Bin Al-Rabab Al-Shani, Madinah 42721", "type": "FC", "lat": 24.4850, "lng": 39.5710}
          ]
        },
        "SG": {
          "name": "新加坡",
          "nameEn": "Singapore",
          "totalWarehouses": 1,
          "warehouses": [
            {"code": "SIN8", "name": "SIN8", "city": "Singapore", "address": "5B Toh Guan Road East, Level 3, Singapore 608829", "type": "FC", "lat": 1.3350, "lng": 103.7430}
          ]
        },
        "TR": {
          "name": "土耳其",
          "nameEn": "Turkey",
          "totalWarehouses": 1,
          "warehouses": [
            {"code": "IST1", "name": "IST1", "city": "Istanbul", "address": "Tuzla Municipality, Istanbul, Turkey", "type": "FC", "lat": 40.8650, "lng": 29.3040}
          ]
        },
        "EG": {
          "name": "埃及",
          "nameEn": "Egypt",
          "totalWarehouses": 2,
          "warehouses": [
            {"code": "CAI6", "name": "CAI6", "city": "Cairo", "address": "Cairo, Egypt", "type": "FC", "lat": 30.0440, "lng": 31.2360},
            {"code": "SPX5", "name": "SPX5", "city": "El Shorouk, East Cairo", "address": "Flex Park Industrial Park, Suez Rd, El Shorouk, East Cairo 11837, Egypt", "type": "FC", "lat": 30.1060, "lng": 31.6170}
          ]
        },
        "ZA": {
          "name": "南非",
          "nameEn": "South Africa",
          "totalWarehouses": 1,
          "warehouses": [
            {"code": "ZAF1", "name": "ZAF1", "city": "Johannesburg", "address": "Johannesburg, South Africa", "type": "FC", "lat": -26.2040, "lng": 28.0470}
          ]
        },
        "DE": {
          "name": "德国",
          "nameEn": "Germany",
          "totalWarehouses": 8,
          "warehouses": [
            {"code": "FRA1", "name": "FRA1", "city": "Bad Hersfeld", "address": "Bad Hersfeld, Germany", "type": "FC", "lat": 50.8689, "lng": 9.7076},
            {"code": "FRA3", "name": "FRA3", "city": "Bad Hersfeld", "address": "Bad Hersfeld, Germany", "type": "FC", "lat": 50.8710, "lng": 9.7100},
            {"code": "DUS2", "name": "DUS2", "city": "Rheinberg", "address": "Rheinberg, Germany", "type": "FC", "lat": 51.5472, "lng": 6.5855},
            {"code": "LEJ1", "name": "LEJ1", "city": "Leipzig", "address": "Leipzig, Germany", "type": "FC", "lat": 51.3397, "lng": 12.3731},
            {"code": "MUC3", "name": "MUC3", "city": "München", "address": "München, Germany", "type": "FC", "lat": 48.1351, "lng": 11.5820},
            {"code": "STR1", "name": "STR1", "city": "Stuttgart", "address": "Stuttgart, Germany", "type": "FC", "lat": 48.7758, "lng": 9.1829},
            {"code": "HAM2", "name": "HAM2", "city": "Hamburg", "address": "Hamburg, Germany", "type": "FC", "lat": 53.5511, "lng": 9.9937},
            {"code": "BER3", "name": "BER3", "city": "Berlin", "address": "Berlin, Germany", "type": "FC", "lat": 52.5200, "lng": 13.4050}
          ]
        },
        "GB": {
          "name": "英国",
          "nameEn": "United Kingdom",
          "totalWarehouses": 6,
          "warehouses": [
            {"code": "LTN1", "name": "LTN1", "city": "Dunstable", "address": "Dunstable, United Kingdom", "type": "FC", "lat": 51.8860, "lng": -0.5209},
            {"code": "LTN4", "name": "LTN4", "city": "Dunstable", "address": "Dunstable, United Kingdom", "type": "FC", "lat": 51.8870, "lng": -0.5220},
            {"code": "BHX4", "name": "BHX4", "city": "Rugby", "address": "Rugby, United Kingdom", "type": "FC", "lat": 52.3702, "lng": -1.2615},
            {"code": "MAN1", "name": "MAN1", "city": "Manchester", "address": "Manchester, United Kingdom", "type": "FC", "lat": 53.4808, "lng": -2.2426},
            {"code": "EDI4", "name": "EDI4", "city": "Dunfermline", "address": "Dunfermline, Scotland", "type": "FC", "lat": 56.0719, "lng": -3.4393},
            {"code": "BRS1", "name": "BRS1", "city": "Bristol", "address": "Bristol, United Kingdom", "type": "FC", "lat": 51.4545, "lng": -2.5879}
          ]
        }
      }
    },
    "walmart": {
      "name": "沃尔玛 WFS",
      "nameEn": "Walmart Fulfillment Services",
      "icon": "🏬",
      "totalWarehouses": 11,
      "countries": {
        "US": {
          "name": "美国",
          "nameEn": "United States",
          "totalWarehouses": 11,
          "warehouses": [
            {"code": "WFS-CAL1", "name": "Chino, CA", "city": "Chino, CA", "state": "CA", "address": "Chino, CA", "lat": 33.9898, "lng": -117.6874},
            {"code": "WFS-CAL2", "name": "Perris, CA", "city": "Perris, CA", "state": "CA", "address": "Perris, CA", "lat": 33.7825, "lng": -117.2286},
            {"code": "WFS-TEX1", "name": "Fort Worth, TX", "city": "Fort Worth, TX", "state": "TX", "address": "Fort Worth, TX", "lat": 32.7555, "lng": -97.3308},
            {"code": "WFS-TEX2", "name": "Dallas, TX", "city": "Dallas, TX", "state": "TX", "address": "Dallas, TX", "lat": 32.7767, "lng": -96.7970},
            {"code": "WFS-FLO1", "name": "Davenport, FL", "city": "Davenport, FL", "state": "FL", "address": "Davenport, FL", "lat": 28.1614, "lng": -81.6017},
            {"code": "WFS-GEO1", "name": "Atlanta, GA", "city": "Atlanta, GA", "state": "GA", "address": "Atlanta, GA", "lat": 33.7490, "lng": -84.3880},
            {"code": "WFS-PEN1", "name": "Bethlehem, PA", "city": "Bethlehem, PA", "state": "PA", "address": "Bethlehem, PA", "lat": 40.6259, "lng": -75.3704},
            {"code": "WFS-NJE1", "name": "Pedricktown, NJ", "city": "Pedricktown, NJ", "state": "NJ", "address": "Pedricktown, NJ", "lat": 39.7576, "lng": -75.4093},
            {"code": "WFS-ILL1", "name": "Elwood, IL", "city": "Elwood, IL", "state": "IL", "address": "Elwood, IL", "lat": 41.4039, "lng": -88.1115},
            {"code": "WFS-IND1", "name": "Indianapolis, IN", "city": "Indianapolis, IN", "state": "IN", "address": "Indianapolis, IN", "lat": 39.7684, "lng": -86.1581},
            {"code": "WFS-ARK1", "name": "Bentonville, AR", "city": "Bentonville, AR", "state": "AR", "address": "Bentonville, AR", "lat": 36.3728, "lng": -94.2088}
          ]
        }
      }
    },
    "freight": {
      "name": "货代公司",
      "nameEn": "Freight Forwarders",
      "icon": "🚚",
      "totalWarehouses": 9,
      "countries": {
        "US": {
          "name": "美国",
          "nameEn": "United States",
          "totalWarehouses": 9,
          "warehouses": [
            {"code": "SF-LAX", "name": "顺丰洛杉矶仓", "city": "Los Angeles, CA", "company": "顺丰", "address": "Los Angeles, CA", "lat": 34.0522, "lng": -118.2437},
            {"code": "SF-NYC", "name": "顺丰纽约仓", "city": "New York, NY", "company": "顺丰", "address": "New York, NY", "lat": 40.7128, "lng": -74.0060},
            {"code": "YTO-LA", "name": "圆通洛杉矶仓", "city": "Los Angeles, CA", "company": "圆通", "address": "Los Angeles, CA", "lat": 34.0520, "lng": -118.2430},
            {"code": "ZTO-LA", "name": "中通洛杉矶仓", "city": "Los Angeles, CA", "company": "中通", "address": "Los Angeles, CA", "lat": 34.0525, "lng": -118.2440},
            {"code": "STO-LA", "name": "申通洛杉矶仓", "city": "Los Angeles, CA", "company": "申通", "address": "Los Angeles, CA", "lat": 34.0518, "lng": -118.2420},
            {"code": "YD-LA", "name": "韵达洛杉矶仓", "city": "Los Angeles, CA", "company": "韵达", "address": "Los Angeles, CA", "lat": 34.0530, "lng": -118.2450},
            {"code": "DBL-LAX", "name": "递必隆洛杉矶仓", "city": "Commerce, CA", "company": "递必隆", "address": "Commerce, CA", "lat": 34.0005, "lng": -118.1500},
            {"code": "4PX-LAX", "name": "4PX洛杉矶仓", "city": "Ontario, CA", "company": "4PX", "address": "Ontario, CA", "lat": 34.0633, "lng": -117.6509},
            {"code": "YH-LAX", "name": "云海洛杉矶仓", "city": "Rancho Cucamonga, CA", "company": "云海", "address": "Rancho Cucamonga, CA", "lat": 34.1064, "lng": -117.5931}
          ]
        }
      }
    }
  }
}
